day,image_number,theme,full_prompt
1,1,Soft Awakening - Shoulder Slip Morning Light,"k@rma, seductive yet sweet playful expression,  wearing an oversized soft white cotton men's button-down shirt (sleeves rolled up, hem reaching mid-thigh), unbuttoned low to navel showing deep cleavage and toned midriff, tiny blush pink lace thong panties, bare feet, rumpled white linen sheets on king bed, sitting on the edge of the bed with knees slightly apart, one hand gently pulling the shirt collar open further, shirt slipping off her left shoulder completely exposing her left breast, head tilted slightly with soft morning smile looking toward camera, soft diffused golden morning sunlight streaming through sheer white curtains, gentle volumetric light rays, cozy modern bedroom with light wood floors and potted plants in background, medium full-body shot from slightly low angle, eye-level with subject, natural perspective emphasizing long legs and curves, warm intimate morning atmosphere, sleepy yet awakening sensual energy, gentle and inviting feeling, playful fresh-faced tease, natural beauty in private moment, photorealistic, hyper realistic skin details, 8k raw photo, natural skin texture with visible pores, subtle freckles and fine body hair, slight natural film grain, soft bokeh background, beautiful cinematic lighting, intimate sensual atmosphere, confident playful mood, masterpiece, best quality, sharp focus on subject, amateur photography aesthetic with realistic imperfections"
1,2,Soft Awakening - Window Stretch,"k@rma, seductive yet sweet playful expression,  wearing an oversized soft white cotton men's button-down shirt (sleeves rolled up, hem reaching mid-thigh), unbuttoned low to navel showing deep cleavage and toned midriff, tiny blush pink lace thong panties, bare feet, rumpled white linen sheets on king bed, standing in front of large window with sheer curtains, arms raised high in a languid stretch, shirt riding up to expose lower back and the top of her thong, back arched, long hair falling down her back, looking over shoulder with dreamy half-lidded eyes, bright but soft morning side lighting creating beautiful rim light on her silhouette and hair, warm golden tones, subtle lens flare from window, full body shot from 3/4 rear angle, low camera height looking up to emphasize height and curves, slight Dutch tilt for dynamic feel, serene yet seductive morning mood, peaceful private moment turning erotic, airy and light feeling, elegant stretch tease, confident in her body, photorealistic, hyper realistic skin details, 8k raw photo, natural skin texture with visible pores, subtle freckles and fine body hair, slight natural film grain, soft bokeh background, beautiful cinematic lighting, intimate sensual atmosphere, confident playful mood, masterpiece, best quality, sharp focus on subject, amateur photography aesthetic with realistic imperfections"
1,3,Soft Awakening - Bed Recline,"k@rma, seductive yet sweet playful expression,  wearing an oversized soft white cotton men's button-down shirt (sleeves rolled up, hem reaching mid-thigh), unbuttoned low to navel showing deep cleavage and toned midriff, tiny blush pink lace thong panties, bare feet, rumpled white linen sheets on king bed, lying on her back diagonally across the large bed, one knee bent and raised, arms relaxed above her head, shirt completely open at the bottom revealing the tiny pink thong and smooth lower belly, soft smile with eyes looking up at camera, hair spread on pillow, beautiful top-down diffused window light mixed with warm bedside lamp creating soft shadows that accentuate her breasts and stomach curves, high angle overhead shot looking down, centered composition focusing on torso and face, intimate bedroom framing, cozy vulnerable yet safe intimate atmosphere, relaxed and sensual feeling, like a private morning in bed, dreamy reclining beauty, soft and approachable eroticism, photorealistic, hyper realistic skin details, 8k raw photo, natural skin texture with visible pores, subtle freckles and fine body hair, slight natural film grain, soft bokeh background, beautiful cinematic lighting, intimate sensual atmosphere, confident playful mood, masterpiece, best quality, sharp focus on subject, amateur photography aesthetic with realistic imperfections"
1,4,Soft Awakening - Kneeling Tease,"k@rma, seductive yet sweet playful expression,  wearing an oversized soft white cotton men's button-down shirt (sleeves rolled up, hem reaching mid-thigh), unbuttoned low to navel showing deep cleavage and toned midriff, tiny blush pink lace thong panties, bare feet, rumpled white linen sheets on king bed, kneeling in the center of the bed facing camera, sitting back on her heels, both hands lightly holding the shirt closed at her chest but with deep cleavage visible, head tilted, biting lower lip gently with playful seductive eye contact, shirt slipping off both shoulders, warm mixed lighting: golden window light from side + soft warm glow from off-camera lamp, creating gentle modeling on face and body, medium shot, eye level, slight low angle to give empowering presence, shallow depth of field with soft sheets in foreground, playful intimate bedroom vibe, teasing yet sweet, direct connection feeling, flirty kneeling invitation, mischievous and seductive, photorealistic, hyper realistic skin details, 8k raw photo, natural skin texture with visible pores, subtle freckles and fine body hair, slight natural film grain, soft bokeh background, beautiful cinematic lighting, intimate sensual atmosphere, confident playful mood, masterpiece, best quality, sharp focus on subject, amateur photography aesthetic with realistic imperfections"
1,5,Soft Awakening - Bent Over Mirror,"k@rma, seductive yet sweet playful expression,  wearing an oversized soft white cotton men's button-down shirt (sleeves rolled up, hem reaching mid-thigh), unbuttoned low to navel showing deep cleavage and toned midriff, tiny blush pink lace thong panties, bare feet, rumpled white linen sheets on king bed, standing with back to camera in front of tall floor mirror, bent slightly forward at hips with hands on thighs, looking back over shoulder into mirror and toward viewer, shirt completely ridden up exposing her entire thong and round butt cheeks, long hair cascading forward, soft backlighting from window creating beautiful silhouette and rim lighting on hair and curves, warm and hazy morning atmosphere, full body from behind at 3/4 angle, low camera position to emphasize legs, butt and arched back, mirror reflection showing partial face and front, voyeuristic yet intimate morning moment, confident and bold feeling, natural unposed beauty, cheeky rear tease, empowered and playful, photorealistic, hyper realistic skin details, 8k raw photo, natural skin texture with visible pores, subtle freckles and fine body hair, slight natural film grain, soft bokeh background, beautiful cinematic lighting, intimate sensual atmosphere, confident playful mood, masterpiece, best quality, sharp focus on subject, amateur photography aesthetic with realistic imperfections"
2,1,Gym Goddess - Squat Power,"k@rma, seductive yet sweet playful expression,  wearing a tight black strappy sports bra with deep V-neck and underboob cutout, high-waisted seamless black compression leggings with subtle contour seams highlighting hips and cameltoe, white ankle socks and sneakers, hair in high messy ponytail with loose strands, light sheen of sweat on skin, small white towel draped around neck, in a deep squat position holding light dumbbells, knees pushed out, back straight, sports bra straining against her breasts, leggings stretched tight over thighs and butt, looking directly at camera with focused yet seductive expression, sweat glistening on collarbones and cleavage, bright even gym lighting with large windows and overhead LED panels, clean modern home gym setting with rubber mats and mirrors in background, low angle front shot from knee height, powerful perspective emphasizing strength and curves, dynamic sports photography style, empowering athletic atmosphere, strong feminine energy, intense yet sensual feeling, strong fitness influencer in action, confident and sexy, photorealistic, hyper realistic skin details, 8k raw photo, natural skin texture with visible pores, subtle freckles and fine body hair, slight natural film grain, soft bokeh background, beautiful cinematic lighting, intimate sensual atmosphere, confident playful mood, masterpiece, best quality, sharp focus on subject, amateur photography aesthetic with realistic imperfections"
2,2,Gym Goddess - Mirror Flex Selfie,"k@rma, seductive yet sweet playful expression,  wearing a tight black strappy sports bra with deep V-neck and underboob cutout, high-waisted seamless black compression leggings with subtle contour seams highlighting hips and cameltoe, white ankle socks and sneakers, hair in high messy ponytail with loose strands, light sheen of sweat on skin, small white towel draped around neck, standing in front of large gym mirror taking a selfie with phone in one hand, other hand lifting the sports bra slightly to show underboob and toned abs, leggings pulled high, hip cocked, biting lip with playful smirk, sweat droplets on skin, towel around neck, mixed lighting: bright window light + cool gym LED creating nice contrast and highlights on sweat, medium shot at slight low angle, phone visible in frame, mirror reflection adding depth, modern selfie aesthetic, confident post-workout vibe, playful and flirty gym girl energy, proud of her body, sweaty selfie tease, athletic and seductive, photorealistic, hyper realistic skin details, 8k raw photo, natural skin texture with visible pores, subtle freckles and fine body hair, slight natural film grain, soft bokeh background, beautiful cinematic lighting, intimate sensual atmosphere, confident playful mood, masterpiece, best quality, sharp focus on subject, amateur photography aesthetic with realistic imperfections"
2,3,Gym Goddess - Bent Over Stretch,"k@rma, seductive yet sweet playful expression,  wearing a tight black strappy sports bra with deep V-neck and underboob cutout, high-waisted seamless black compression leggings with subtle contour seams highlighting hips and cameltoe, white ankle socks and sneakers, hair in high messy ponytail with loose strands, light sheen of sweat on skin, small white towel draped around neck, bent over at waist with straight legs touching toes, hands on shins, looking back between her legs toward camera with upside-down seductive smile, ponytail hanging down, sports bra hanging open slightly showing breasts, leggings stretched extremely tight over round butt, side window lighting creating strong highlights on her back, butt and legs, clean gym background slightly blurred, rear low angle shot from floor level looking up, dramatic perspective on legs and butt, sports action feel, bold and provocative stretch moment, teasing and athletic atmosphere, flexible fitness babe tease, unapologetically sexy, photorealistic, hyper realistic skin details, 8k raw photo, natural skin texture with visible pores, subtle freckles and fine body hair, slight natural film grain, soft bokeh background, beautiful cinematic lighting, intimate sensual atmosphere, confident playful mood, masterpiece, best quality, sharp focus on subject, amateur photography aesthetic with realistic imperfections"
2,4,Gym Goddess - Bench Sit & Wipe,"k@rma, seductive yet sweet playful expression,  wearing a tight black strappy sports bra with deep V-neck and underboob cutout, high-waisted seamless black compression leggings with subtle contour seams highlighting hips and cameltoe, white ankle socks and sneakers, hair in high messy ponytail with loose strands, light sheen of sweat on skin, small white towel draped around neck, sitting on weight bench with legs spread wide, leaning back slightly on one arm, other hand using towel to wipe sweat from between her breasts and down her abs, sports bra pushed up a bit, seductive eye contact, mouth slightly open, hair messy, dramatic side lighting from window creating strong shadows and sweat highlights, moody gym corner with equipment, medium shot, eye level with slight low angle, legs framing the composition, intimate yet strong presence, raw post-workout intimacy, sweaty and real, sensual exhaustion feeling, tired but horny gym girl vibe, very relatable and hot, photorealistic, hyper realistic skin details, 8k raw photo, natural skin texture with visible pores, subtle freckles and fine body hair, slight natural film grain, soft bokeh background, beautiful cinematic lighting, intimate sensual atmosphere, confident playful mood, masterpiece, best quality, sharp focus on subject, amateur photography aesthetic with realistic imperfections"
2,5,Gym Goddess - Standing Stretch & Arch,"k@rma, seductive yet sweet playful expression,  wearing a tight black strappy sports bra with deep V-neck and underboob cutout, high-waisted seamless black compression leggings with subtle contour seams highlighting hips and cameltoe, white ankle socks and sneakers, hair in high messy ponytail with loose strands, light sheen of sweat on skin, small white towel draped around neck, standing with one leg raised on a bench stretching her hamstring, both hands reaching toward her raised foot, back arched deeply, sports bra lifting to show full underboob, leggings riding up between cheeks, looking at camera over shoulder with intense seductive gaze, golden afternoon gym light coming through side windows, beautiful warm highlights on skin and sweat, full body 3/4 side angle, low camera to emphasize the long stretched leg and arched back line, graceful yet powerful stretch atmosphere, elegant athletic sensuality, flexible and strong, beautiful body in motion, photorealistic, hyper realistic skin details, 8k raw photo, natural skin texture with visible pores, subtle freckles and fine body hair, slight natural film grain, soft bokeh background, beautiful cinematic lighting, intimate sensual atmosphere, confident playful mood, masterpiece, best quality, sharp focus on subject, amateur photography aesthetic with realistic imperfections"
3,1,Steam Afterglow - Towel Hip Hug,"k@rma, seductive yet sweet playful expression,  fresh out of shower, completely nude except for a small white towel wrapped low around her hips barely covering her pubic area, long wet brown hair clinging to shoulders and breasts, water droplets covering her entire body, steam filling the air, modern luxury bathroom with large glass shower and marble tiles, standing in front of fogged bathroom mirror, one hand holding the small towel at her hip, other hand brushing wet hair back from face, towel sitting very low on hips exposing hip bones and the top of her trimmed pubic area, water running down her breasts and stomach, soft smile in mirror reflection, soft diffused bathroom lighting with warm LED strips + steam creating hazy dreamy atmosphere, condensation on mirror, medium shot from slight side angle capturing mirror reflection and real subject, intimate bathroom framing, steamy private after-shower moment, vulnerable yet sensual, fresh and clean eroticism, wet glowing skin, natural post-shower beauty, photorealistic, hyper realistic skin details, 8k raw photo, natural skin texture with visible pores, subtle freckles and fine body hair, slight natural film grain, soft bokeh background, beautiful cinematic lighting, intimate sensual atmosphere, confident playful mood, masterpiece, best quality, sharp focus on subject, amateur photography aesthetic with realistic imperfections"
3,2,Steam Afterglow - Back View Steam,"k@rma, seductive yet sweet playful expression,  fresh out of shower, completely nude except for a small white towel wrapped low around her hips barely covering her pubic area, long wet brown hair clinging to shoulders and breasts, water droplets covering her entire body, steam filling the air, modern luxury bathroom with large glass shower and marble tiles, standing with back completely to camera facing the steaming glass shower door, towel slipped down to just below her butt cheeks, hands raised adjusting wet hair, water droplets tracing down her spine and over her round butt, steam swirling around her body, dramatic backlighting through frosted glass shower creating beautiful silhouette and rim lighting on water droplets and curves, full body rear view, eye level, centered composition with steam adding depth and mystery, sensual back view atmosphere, mysterious and alluring, steam as natural censor and enhancer, elegant wet silhouette, artistic implied nude, photorealistic, hyper realistic skin details, 8k raw photo, natural skin texture with visible pores, subtle freckles and fine body hair, slight natural film grain, soft bokeh background, beautiful cinematic lighting, intimate sensual atmosphere, confident playful mood, masterpiece, best quality, sharp focus on subject, amateur photography aesthetic with realistic imperfections"
3,3,Steam Afterglow - Sitting on Edge,"k@rma, seductive yet sweet playful expression,  fresh out of shower, completely nude except for a small white towel wrapped low around her hips barely covering her pubic area, long wet brown hair clinging to shoulders and breasts, water droplets covering her entire body, steam filling the air, modern luxury bathroom with large glass shower and marble tiles, sitting on the edge of a modern freestanding bathtub, towel barely covering her lap, legs crossed at ankles, leaning back on hands, chest fully exposed with water droplets on breasts and hard nipples, wet hair over one shoulder, looking at camera with soft inviting expression, warm overhead and side lighting creating soft shadows under breasts and on stomach, steam rising from tub, medium shot, eye level, legs and torso focus, elegant bathroom composition, relaxed luxurious bath time feeling, intimate and tender, soft eroticism, reclining wet goddess, peaceful yet seductive, photorealistic, hyper realistic skin details, 8k raw photo, natural skin texture with visible pores, subtle freckles and fine body hair, slight natural film grain, soft bokeh background, beautiful cinematic lighting, intimate sensual atmosphere, confident playful mood, masterpiece, best quality, sharp focus on subject, amateur photography aesthetic with realistic imperfections"
3,4,Steam Afterglow - Leaning on Wall,"k@rma, seductive yet sweet playful expression,  fresh out of shower, completely nude except for a small white towel wrapped low around her hips barely covering her pubic area, long wet brown hair clinging to shoulders and breasts, water droplets covering her entire body, steam filling the air, modern luxury bathroom with large glass shower and marble tiles, leaning back against cool marble wall, one leg bent with foot on wall, small towel held loosely in one hand covering just the front, other arm raised above head, full frontal view with breasts and toned stomach on display, water still running down her body, sultry half-lidded eyes, dramatic side lighting creating strong contrast and beautiful light on wet skin, steam adding volume to light, full body slightly angled front view, eye level, strong vertical composition, bold and confident post-shower tease, raw sensuality, steam and water as elements of seduction, wet and wanting, powerful feminine presence, photorealistic, hyper realistic skin details, 8k raw photo, natural skin texture with visible pores, subtle freckles and fine body hair, slight natural film grain, soft bokeh background, beautiful cinematic lighting, intimate sensual atmosphere, confident playful mood, masterpiece, best quality, sharp focus on subject, amateur photography aesthetic with realistic imperfections"
3,5,Steam Afterglow - Close Up Wet Skin,"k@rma, seductive yet sweet playful expression,  fresh out of shower, completely nude except for a small white towel wrapped low around her hips barely covering her pubic area, long wet brown hair clinging to shoulders and breasts, water droplets covering her entire body, steam filling the air, modern luxury bathroom with large glass shower and marble tiles, small neat heart-shaped trimmed pubic hair visible above the low towel line, smooth shaved labia, extreme close-up of her torso and upper thighs, one hand gently pulling the towel lower to reveal more, water droplets in sharp focus on skin and on the heart-shaped pubic hair trim, soft focus on background steam, soft diffused lighting highlighting every water droplet and skin texture, macro photography feel, extreme close-up shot focusing on breasts, stomach, and intimate area, shallow depth of field, intimate macro study of wet skin and body, sensual and artistic, very close personal feeling, tactile wet skin appreciation, delicate and erotic detail, photorealistic, hyper realistic skin details, 8k raw photo, natural skin texture with visible pores, subtle freckles and fine body hair, slight natural film grain, soft bokeh background, beautiful cinematic lighting, intimate sensual atmosphere, confident playful mood, masterpiece, best quality, sharp focus on subject, amateur photography aesthetic with realistic imperfections"
4,1,Black Lace - Reclining on Silk,"k@rma, seductive yet sweet playful expression,  wearing an elegant black lace bralette with delicate floral patterns and underwire, matching high-cut black lace panties with sheer panels, black sheer thigh-high stockings with lace tops and thin garter straps, open sheer black silk robe slipping off shoulders, long brown hair loose and voluminous, subtle black eyeliner and glossy lips, reclining on large bed with black silk sheets, propped up on one elbow, legs extended and crossed at ankles, sheer robe completely open, one hand resting on her stomach just above the lace panties, seductive smile with direct eye contact, hair spread across pillow, low key dramatic lighting: single warm bedside lamp + faint city lights through window, deep shadows accentuating lace texture and body curves, medium full body shot from slight low angle, luxurious bedroom framing with black and gold accents, opulent boudoir atmosphere, luxurious and sensual, classic pin-up meets modern erotic, elegant lingerie goddess, confident and inviting, photorealistic, hyper realistic skin details, 8k raw photo, natural skin texture with visible pores, subtle freckles and fine body hair, slight natural film grain, soft bokeh background, beautiful cinematic lighting, intimate sensual atmosphere, confident playful mood, masterpiece, best quality, sharp focus on subject, amateur photography aesthetic with realistic imperfections"
4,2,Black Lace - Kneeling Back Arch,"k@rma, seductive yet sweet playful expression,  wearing an elegant black lace bralette with delicate floral patterns and underwire, matching high-cut black lace panties with sheer panels, black sheer thigh-high stockings with lace tops and thin garter straps, open sheer black silk robe slipping off shoulders, long brown hair loose and voluminous, subtle black eyeliner and glossy lips, kneeling on the bed with back arched deeply, hands resting on her thighs, sheer robe falling off completely behind her, breasts pushed forward, head tilted back with eyes closed in pleasure, mouth slightly open, garter straps taut against thighs, dramatic side lighting creating strong highlights on lace, skin and the curve of her breasts and stomach, medium shot from front 3/4 angle, eye level, strong emphasis on torso and arched back line, intense sensual energy, almost religious ecstasy feeling, high fashion erotic, arched back beauty, powerful and vulnerable, photorealistic, hyper realistic skin details, 8k raw photo, natural skin texture with visible pores, subtle freckles and fine body hair, slight natural film grain, soft bokeh background, beautiful cinematic lighting, intimate sensual atmosphere, confident playful mood, masterpiece, best quality, sharp focus on subject, amateur photography aesthetic with realistic imperfections"
4,3,Black Lace - Standing Mirror,"k@rma, seductive yet sweet playful expression,  wearing an elegant black lace bralette with delicate floral patterns and underwire, matching high-cut black lace panties with sheer panels, black sheer thigh-high stockings with lace tops and thin garter straps, open sheer black silk robe slipping off shoulders, long brown hair loose and voluminous, subtle black eyeliner and glossy lips, standing in front of ornate full-length mirror, back mostly to camera, looking over shoulder, sheer robe sliding down her arms, one hand on hip, the other adjusting her hair, lace panties visible from behind with garter straps framing her butt perfectly, soft front lighting mixed with mirror reflection, warm golden tones, elegant hotel-style bedroom, full body rear 3/4 view with mirror showing front reflection, eye level, beautiful symmetry, classic boudoir mirror moment, mysterious and alluring, fashion editorial feel, rear view lingerie tease, sophisticated seduction, photorealistic, hyper realistic skin details, 8k raw photo, natural skin texture with visible pores, subtle freckles and fine body hair, slight natural film grain, soft bokeh background, beautiful cinematic lighting, intimate sensual atmosphere, confident playful mood, masterpiece, best quality, sharp focus on subject, amateur photography aesthetic with realistic imperfections"
4,4,Black Lace - Sitting Edge of Bed,"k@rma, seductive yet sweet playful expression,  wearing an elegant black lace bralette with delicate floral patterns and underwire, matching high-cut black lace panties with sheer panels, black sheer thigh-high stockings with lace tops and thin garter straps, open sheer black silk robe slipping off shoulders, long brown hair loose and voluminous, subtle black eyeliner and glossy lips, sitting on the very edge of the bed with legs spread wide, leaning forward slightly, elbows on knees, sheer robe pooled around her waist, direct intense eye contact, biting her lower lip, garter straps and lace panties on full display, hair falling forward, dramatic low key lighting with strong key light from side creating deep shadows between legs and under breasts, medium shot, low camera angle looking up, powerful and intimate composition, bold provocative boudoir atmosphere, direct and commanding yet feminine, spread and confident, raw seductive power, photorealistic, hyper realistic skin details, 8k raw photo, natural skin texture with visible pores, subtle freckles and fine body hair, slight natural film grain, soft bokeh background, beautiful cinematic lighting, intimate sensual atmosphere, confident playful mood, masterpiece, best quality, sharp focus on subject, amateur photography aesthetic with realistic imperfections"
4,5,Black Lace - Close Up Lace Detail,"k@rma, seductive yet sweet playful expression,  wearing an elegant black lace bralette with delicate floral patterns and underwire, matching high-cut black lace panties with sheer panels, black sheer thigh-high stockings with lace tops and thin garter straps, open sheer black silk robe slipping off shoulders, long brown hair loose and voluminous, subtle black eyeliner and glossy lips, close-up of her torso and hips, lying on side, sheer robe open, one hand gently tracing the lace edge of her bralette, the other resting on the lace panties, intricate lace texture in sharp focus against smooth skin, soft smile visible at top of frame, soft diffused side lighting highlighting the delicate lace patterns and skin texture, shallow depth of field, extreme close-up beauty shot focusing on lace, skin and subtle hand interaction, macro detail, tactile intimate detail atmosphere, appreciation of texture and form, sensual and artistic, lace and skin study, delicate eroticism, photorealistic, hyper realistic skin details, 8k raw photo, natural skin texture with visible pores, subtle freckles and fine body hair, slight natural film grain, soft bokeh background, beautiful cinematic lighting, intimate sensual atmosphere, confident playful mood, masterpiece, best quality, sharp focus on subject, amateur photography aesthetic with realistic imperfections"
5,1,Golden Siren - Windblown Open Robe,"k@rma, seductive yet sweet playful expression,  wearing only a sheer white silk chiffon robe completely open and flowing in the evening breeze, nothing underneath, long brown hair loose and windblown, delicate gold anklet, standing on a modern luxury balcony with glass railing overlooking city lights at sunset, standing with back against the glass railing, sheer robe billowing dramatically to the sides in the wind, completely open exposing her full front, one hand holding hair out of face, other hand resting on railing, golden sunset light bathing her body, playful smile, gorgeous golden hour backlight + side fill, warm orange and pink sky, city lights starting to twinkle below, rim lighting on hair and body edges, full body front view, eye level, dynamic wind-blown composition, beautiful bokeh city lights in background, romantic sunset balcony atmosphere, free and sensual, cinematic golden hour magic, wind goddess, liberated and beautiful, photorealistic, hyper realistic skin details, 8k raw photo, natural skin texture with visible pores, subtle freckles and fine body hair, slight natural film grain, soft bokeh background, beautiful cinematic lighting, intimate sensual atmosphere, confident playful mood, masterpiece, best quality, sharp focus on subject, amateur photography aesthetic with realistic imperfections"
5,2,Golden Siren - Leaning Over Railing,"k@rma, seductive yet sweet playful expression,  wearing only a sheer white silk chiffon robe completely open and flowing in the evening breeze, nothing underneath, long brown hair loose and windblown, delicate gold anklet, standing on a modern luxury balcony with glass railing overlooking city lights at sunset, leaning forward over the glass balcony railing, sheer robe sliding off her shoulders and down her back, butt and legs exposed, looking back over shoulder at camera with wind in hair, city skyline and setting sun in background, strong golden backlight creating beautiful silhouette and highlighting the curve of her back, butt and legs, warm color grade, full body rear 3/4 view, low angle from behind to emphasize legs and butt against the sunset sky, dramatic outdoor tease, adventurous and bold, golden hour romance, leaning into the view, confident exhibitionist energy, photorealistic, hyper realistic skin details, 8k raw photo, natural skin texture with visible pores, subtle freckles and fine body hair, slight natural film grain, soft bokeh background, beautiful cinematic lighting, intimate sensual atmosphere, confident playful mood, masterpiece, best quality, sharp focus on subject, amateur photography aesthetic with realistic imperfections"
5,3,Golden Siren - Sitting on Lounge,"k@rma, seductive yet sweet playful expression,  wearing only a sheer white silk chiffon robe completely open and flowing in the evening breeze, nothing underneath, long brown hair loose and windblown, delicate gold anklet, standing on a modern luxury balcony with glass railing overlooking city lights at sunset, sitting on a modern outdoor lounge chair with sheer robe open, one leg up on the chair, other foot on floor, leaning back relaxed, one hand resting between her thighs lightly touching herself, other arm behind head, soft smile with eyes closed enjoying the breeze and light, beautiful warm golden hour light wrapping around her body, long shadows, city and sky in soft focus background, medium shot, eye level, relaxed horizontal composition, shallow depth of field, peaceful yet erotic sunset moment, self-pleasure in private outdoor space, luxurious and free, relaxed outdoor goddess, sensual self-touch, photorealistic, hyper realistic skin details, 8k raw photo, natural skin texture with visible pores, subtle freckles and fine body hair, slight natural film grain, soft bokeh background, beautiful cinematic lighting, intimate sensual atmosphere, confident playful mood, masterpiece, best quality, sharp focus on subject, amateur photography aesthetic with realistic imperfections"
5,4,Golden Siren - Profile Against Sky,"k@rma, seductive yet sweet playful expression,  wearing only a sheer white silk chiffon robe completely open and flowing in the evening breeze, nothing underneath, long brown hair loose and windblown, delicate gold anklet, standing on a modern luxury balcony with glass railing overlooking city lights at sunset, standing in profile view facing left, sheer robe flowing behind her like wings in the wind, one hand raised to touch her hair, body perfectly lit by side golden light, breasts and stomach in beautiful relief, serene expression looking into the distance, perfect side golden hour lighting sculpting her body, warm highlights and soft shadows, dramatic sky, full body profile shot, eye level, strong vertical line with flowing fabric, cinematic composition, artistic silhouette and profile atmosphere, elegant and timeless, fashion editorial sensuality, statuesque beauty against the sky, graceful and powerful, photorealistic, hyper realistic skin details, 8k raw photo, natural skin texture with visible pores, subtle freckles and fine body hair, slight natural film grain, soft bokeh background, beautiful cinematic lighting, intimate sensual atmosphere, confident playful mood, masterpiece, best quality, sharp focus on subject, amateur photography aesthetic with realistic imperfections"
5,5,Golden Siren - Close Up Wind & Light,"k@rma, seductive yet sweet playful expression,  wearing only a sheer white silk chiffon robe completely open and flowing in the evening breeze, nothing underneath, long brown hair loose and windblown, delicate gold anklet, standing on a modern luxury balcony with glass railing overlooking city lights at sunset, close-up of her upper body and face, sheer robe open and caught in wind, hair blowing across her face and breasts, golden light catching every strand and water droplet on skin, soft smile, eyes looking slightly away, intimate and dreamy, gorgeous warm backlight with gentle fill, hair and fabric in motion, beautiful bokeh, tight medium close-up on face, shoulders and breasts, dynamic wind element, shallow depth of field, intimate portrait in motion, romantic and sensual, wind as a lover's touch, wind-kissed close-up, delicate and emotional, photorealistic, hyper realistic skin details, 8k raw photo, natural skin texture with visible pores, subtle freckles and fine body hair, slight natural film grain, soft bokeh background, beautiful cinematic lighting, intimate sensual atmosphere, confident playful mood, masterpiece, best quality, sharp focus on subject, amateur photography aesthetic with realistic imperfections"
6,1,Candle Secrets - Side Recline,"k@rma, seductive yet sweet playful expression,  completely nude, long brown hair loose, subtle gold body chain around waist, lying on rumpled white and beige linen sheets, multiple lit candles around the bed creating flickering warm light, cozy intimate bedroom with dark wood and soft textiles, lying on her side facing camera, propped on one elbow, top leg bent and resting forward, one hand gently cupping her breast, other hand resting on her hip, soft smile, candlelight flickering across her skin creating moving highlights and deep shadows, warm flickering candlelight from multiple sources creating beautiful moving shadows and golden skin tones, very low key moody lighting, medium full body side view, eye level, soft focus on background candles, intimate framing, cozy intimate candlelit bedroom atmosphere, tender and sensual, private moment captured, side-lit nude beauty, warm and inviting, photorealistic, hyper realistic skin details, 8k raw photo, natural skin texture with visible pores, subtle freckles and fine body hair, slight natural film grain, soft bokeh background, beautiful cinematic lighting, intimate sensual atmosphere, confident playful mood, masterpiece, best quality, sharp focus on subject, amateur photography aesthetic with realistic imperfections"
6,2,Candle Secrets - Back Arch Kneeling,"k@rma, seductive yet sweet playful expression,  completely nude, long brown hair loose, subtle gold body chain around waist, lying on rumpled white and beige linen sheets, multiple lit candles around the bed creating flickering warm light, cozy intimate bedroom with dark wood and soft textiles, kneeling on the bed with back deeply arched, hands on her lower back or butt, head tilted back with eyes closed, mouth open in soft moan, candlelight highlighting the curve of her spine, breasts pushed forward, long hair hanging down her back, dramatic low key candle lighting with strong back and side light, beautiful rim lighting on her silhouette and hair, medium shot from front, low angle looking up, dramatic and sculptural, intense sensual energy, almost spiritual or ecstatic feeling, candlelit ritual vibe, arched back candlelight nude, powerful and vulnerable, photorealistic, hyper realistic skin details, 8k raw photo, natural skin texture with visible pores, subtle freckles and fine body hair, slight natural film grain, soft bokeh background, beautiful cinematic lighting, intimate sensual atmosphere, confident playful mood, masterpiece, best quality, sharp focus on subject, amateur photography aesthetic with realistic imperfections"
6,3,Candle Secrets - Legs Up & Open,"k@rma, seductive yet sweet playful expression,  completely nude, long brown hair loose, subtle gold body chain around waist, lying on rumpled white and beige linen sheets, multiple lit candles around the bed creating flickering warm light, cozy intimate bedroom with dark wood and soft textiles, small neat heart-shaped trimmed pubic hair on mons pubis, clean shaved smooth labia visible, lying on her back with legs raised and knees bent, feet in air, hands holding her thighs open, looking at camera with soft inviting expression, candlelight casting beautiful shadows between her legs and on her stomach and breasts, warm flickering candle light with strong contrast, soft highlights on skin, intimate and moody, medium shot from foot of bed, low angle looking up between her legs, artistic and bold composition, bold yet tender intimate atmosphere, trusting and open, artistic nude with erotic edge, legs up invitation, confident and giving, photorealistic, hyper realistic skin details, 8k raw photo, natural skin texture with visible pores, subtle freckles and fine body hair, slight natural film grain, soft bokeh background, beautiful cinematic lighting, intimate sensual atmosphere, confident playful mood, masterpiece, best quality, sharp focus on subject, amateur photography aesthetic with realistic imperfections"
6,4,Candle Secrets - Sitting Facing Camera,"k@rma, seductive yet sweet playful expression,  completely nude, long brown hair loose, subtle gold body chain around waist, lying on rumpled white and beige linen sheets, multiple lit candles around the bed creating flickering warm light, cozy intimate bedroom with dark wood and soft textiles, sitting on the bed facing camera with legs crossed in front, leaning back on hands, breasts and stomach fully visible, head tilted, soft smile, long hair over one shoulder, multiple candles in foreground and background creating layered light and shadow, beautiful warm candle glow with gentle flicker, multiple light sources creating complex but soft modeling on body, medium shot, eye level, centered composition with candles framing her, serene yet seductive candlelit portrait atmosphere, calm and deeply intimate, sitting nude portrait, peaceful and sensual, photorealistic, hyper realistic skin details, 8k raw photo, natural skin texture with visible pores, subtle freckles and fine body hair, slight natural film grain, soft bokeh background, beautiful cinematic lighting, intimate sensual atmosphere, confident playful mood, masterpiece, best quality, sharp focus on subject, amateur photography aesthetic with realistic imperfections"
6,5,Candle Secrets - Close Up Hand on Body,"k@rma, seductive yet sweet playful expression,  completely nude, long brown hair loose, subtle gold body chain around waist, lying on rumpled white and beige linen sheets, multiple lit candles around the bed creating flickering warm light, cozy intimate bedroom with dark wood and soft textiles, extreme close-up of her torso, one hand gently sliding down from breast to stomach to the top of her pubic area, fingers lightly touching the heart-shaped trimmed hair, candlelight creating soft moving highlights on skin and hand, shallow depth of field, intimate low key candle lighting, macro detail on skin texture, hand, and subtle body hair, extreme close-up beauty/macro shot, very shallow depth of field, focus on hand and torso interaction, tactile sensual self-touch atmosphere, intimate and erotic detail study, hand exploring body, delicate and arousing, photorealistic, hyper realistic skin details, 8k raw photo, natural skin texture with visible pores, subtle freckles and fine body hair, slight natural film grain, soft bokeh background, beautiful cinematic lighting, intimate sensual atmosphere, confident playful mood, masterpiece, best quality, sharp focus on subject, amateur photography aesthetic with realistic imperfections"
7,1,Artistic Nude - Standing Contrapposto,"k@rma, seductive yet sweet playful expression,  completely nude, no clothing, small neat heart-shaped trimmed pubic hair on mons pubis with clean shaved smooth labia, long brown hair styled in loose waves or up in elegant messy bun, subtle natural makeup, artistic nude study, standing in elegant contrapposto pose, weight on one leg, hip cocked, one hand resting on hip, other arm relaxed at side, head turned slightly with soft confident smile, perfect lighting sculpting her athletic body, abs and curves beautifully defined, soft studio lighting with large diffused key light from left and gentle fill from right, classic fine art nude lighting, clean minimal background with subtle texture, full body front 3/4 view, eye level, classical fine art photography composition, timeless fine art nude atmosphere, empowering and beautiful, sculptural body study, classical beauty, confident and graceful, photorealistic, hyper realistic skin details, 8k raw photo, natural skin texture with visible pores, subtle freckles and fine body hair, slight natural film grain, soft bokeh background, beautiful cinematic lighting, intimate sensual atmosphere, confident playful mood, masterpiece, best quality, sharp focus on subject, amateur photography aesthetic with realistic imperfections"
7,2,Artistic Nude - Reclining Odalisque,"k@rma, seductive yet sweet playful expression,  completely nude, no clothing, small neat heart-shaped trimmed pubic hair on mons pubis with clean shaved smooth labia, long brown hair styled in loose waves or up in elegant messy bun, subtle natural makeup, artistic nude study, reclining on a white chaise or bed in classic odalisque pose, one arm behind head, other hand resting on thigh, one leg extended, other knee bent, looking directly at viewer with sultry expression, hair spread dramatically, dramatic yet soft Rembrandt-style lighting with strong key from side creating beautiful shadows and highlights on breasts, stomach and legs, full body reclining composition, eye level, horizontal frame, elegant and artistic, classic fine art reclining nude atmosphere, sensual and luxurious, old master inspired, odalisque modern, luxurious and inviting, photorealistic, hyper realistic skin details, 8k raw photo, natural skin texture with visible pores, subtle freckles and fine body hair, slight natural film grain, soft bokeh background, beautiful cinematic lighting, intimate sensual atmosphere, confident playful mood, masterpiece, best quality, sharp focus on subject, amateur photography aesthetic with realistic imperfections"
7,3,Artistic Nude - Kneeling Back View,"k@rma, seductive yet sweet playful expression,  completely nude, no clothing, small neat heart-shaped trimmed pubic hair on mons pubis with clean shaved smooth labia, long brown hair styled in loose waves or up in elegant messy bun, subtle natural makeup, artistic nude study, kneeling with back to camera, sitting on heels, back arched, hands resting on thighs or reaching back, head turned in profile, long hair cascading down her back, beautiful S-curve of spine and butt highlighted, soft dramatic side lighting sculpting the muscles of her back, roundness of butt, and curve of waist, artistic shadow play, full body rear view with head turn, eye level, strong vertical composition, fine art style, artistic back study atmosphere, elegant and sensual, focus on form and line, back view sculptural beauty, graceful lines, photorealistic, hyper realistic skin details, 8k raw photo, natural skin texture with visible pores, subtle freckles and fine body hair, slight natural film grain, soft bokeh background, beautiful cinematic lighting, intimate sensual atmosphere, confident playful mood, masterpiece, best quality, sharp focus on subject, amateur photography aesthetic with realistic imperfections"
7,4,Artistic Nude - Breasts & Torso Close-up,"k@rma, seductive yet sweet playful expression,  completely nude, no clothing, small neat heart-shaped trimmed pubic hair on mons pubis with clean shaved smooth labia, long brown hair styled in loose waves or up in elegant messy bun, subtle natural makeup, artistic nude study, close-up artistic study of her breasts, toned stomach and abs, one hand gently lifting one breast, soft natural expression at top of frame, perfect skin texture and subtle sheen, hair falling over one shoulder, soft diffused studio lighting with gentle shadows accentuating breast shape and abdominal definition, beauty lighting, tight close-up on torso from just below breasts to upper thighs, centered, shallow depth of field, fine art body part study atmosphere, appreciation of form and texture, sensual and respectful, torso and breast study, artistic and erotic, photorealistic, hyper realistic skin details, 8k raw photo, natural skin texture with visible pores, subtle freckles and fine body hair, slight natural film grain, soft bokeh background, beautiful cinematic lighting, intimate sensual atmosphere, confident playful mood, masterpiece, best quality, sharp focus on subject, amateur photography aesthetic with realistic imperfections"
7,5,Artistic Nude - Intimate Close-up with Heart Trim,"k@rma, seductive yet sweet playful expression,  completely nude, no clothing, small neat heart-shaped trimmed pubic hair on mons pubis with clean shaved smooth labia, long brown hair styled in loose waves or up in elegant messy bun, subtle natural makeup, artistic nude study, extreme close-up of her intimate area and lower stomach, legs slightly spread in elegant pose, small neat heart-shaped trimmed pubic hair on mons pubis clearly visible, smooth shaved labia, detailed realistic anatomy, one hand resting gently on inner thigh, soft artistic lighting, soft diffused beauty lighting with gentle shadows, macro photography detail on skin, hair trim and anatomy, tasteful and artistic, extreme close-up macro shot focused on pubic area and lower belly, artistic composition, shallow depth of field, intimate artistic anatomy study atmosphere, tasteful explicit fine art nude, detailed and beautiful, heart-trim intimate close-up, delicate and explicit artistic nude, photorealistic, hyper realistic skin details, 8k raw photo, natural skin texture with visible pores, subtle freckles and fine body hair, slight natural film grain, soft bokeh background, beautiful cinematic lighting, intimate sensual atmosphere, confident playful mood, masterpiece, best quality, sharp focus on subject, amateur photography aesthetic with realistic imperfections"
